filename,width,height,class,xmin,ymin,xmax,ymax,image_id
Screenshot_20220630-170759_Crossy%20Road.jpg,291,333,car,86,108,138,141,0
Screenshot_20220630-170759_Crossy%20Road.jpg,291,333,car,91,145,144,175,0
Screenshot_20220630-170759_Crossy%20Road.jpg,291,333,car,164,183,217,213,0
Screenshot_20220630-170759_Crossy%20Road.jpg,291,333,car,166,255,220,288,0
Screenshot_20220630-170759_Crossy%20Road.jpg,291,333,tree,56,19,89,60,0
Screenshot_20220630-170759_Crossy%20Road.jpg,291,333,tree,39,32,61,60,0
Screenshot_20220630-170759_Crossy%20Road.jpg,291,333,tree,6,27,34,57,0
Screenshot_20220630-170759_Crossy%20Road.jpg,291,333,tree,106,68,139,113,0
Screenshot_20220630-170759_Crossy%20Road.jpg,291,333,tree,32,107,62,151,0
Screenshot_20220630-170759_Crossy%20Road.jpg,291,333,tree,56,156,85,188,0
Screenshot_20220630-170759_Crossy%20Road.jpg,291,333,tree,191,157,217,186,0
Screenshot_20220630-170759_Crossy%20Road.jpg,291,333,rock,144,133,170,154,0
Screenshot_20220630-170759_Crossy%20Road.jpg,291,333,tree,15,83,35,106,0
Screenshot_20220630-170759_Crossy%20Road.jpg,291,333,rock,142,279,169,305,0
Screenshot_20220630-170759_Crossy%20Road.jpg,291,333,tree,234,254,268,300,0
Screenshot_20220630-170759_Crossy%20Road.jpg,291,333,tree,219,236,240,264,0
Screenshot_20220630-170759_Crossy%20Road.jpg,291,333,tree,219,275,242,300,0
Screenshot_20220630-170759_Crossy%20Road.jpg,291,333,duck,170,239,190,259,0
Screenshot_20220630-170759_Crossy%20Road.jpg,291,333,rock,195,244,224,264,0
Screenshot_20220630-192812_Crossy Road.jpg,291,333,tree,79,61,113,107,1
Screenshot_20220630-192812_Crossy Road.jpg,291,333,tree,118,26,141,51,1
Screenshot_20220630-192812_Crossy Road.jpg,291,333,tree,34,18,62,52,1
Screenshot_20220630-192812_Crossy Road.jpg,291,333,tree,10,19,37,52,1
Screenshot_20220630-192812_Crossy Road.jpg,291,333,tree,59,162,87,200,1
Screenshot_20220630-192812_Crossy Road.jpg,291,333,tree,111,267,138,294,1
Screenshot_20220630-192812_Crossy Road.jpg,291,333,tree,139,192,164,218,1
Screenshot_20220630-192812_Crossy Road.jpg,291,333,tree,137,168,166,196,1
Screenshot_20220630-192812_Crossy Road.jpg,291,333,rock,196,199,222,224,1
Screenshot_20220630-192812_Crossy Road.jpg,291,333,rock,143,219,169,240,1
Screenshot_20220630-192812_Crossy Road.jpg,291,333,rock,141,291,166,314,1
Screenshot_20220630-192812_Crossy Road.jpg,291,333,duck,171,253,195,276,1
Screenshot_20220630-192812_Crossy Road.jpg,291,333,truck,61,238,145,277,1
Screenshot_20220630-192812_Crossy Road.jpg,291,333,car,91,230,140,253,1
Screenshot_20220630-192812_Crossy Road.jpg,291,333,car,238,230,291,261,1
Screenshot_20220630-192812_Crossy Road.jpg,291,333,car,43,120,97,150,1
Screenshot_20220630-192812_Crossy Road.jpg,291,333,car,47,99,101,129,1
Screenshot_20220630-192812_Crossy Road.jpg,291,333,car,1,65,29,91,1
Screenshot_20220630-192812_Crossy Road.jpg,291,333,rail,1,55,191,79,1
Screenshot_20220630-192812_Crossy Road.jpg,291,333,light off,149,44,178,80,1
Screenshot_20220630-192812_Crossy Road.jpg,291,333,water,53,151,237,186,1
Screenshot_20220630-192812_Crossy Road.jpg,291,333,tree,85,204,115,233,1
Screenshot_20220630-192812_Crossy Road.jpg,291,333,log,115,152,172,168,1
Screenshot_20220630-192812_Crossy Road.jpg,291,333,log,115,171,198,186,1
Screenshot_20220630-222942_Crossy Road.jpg,291,333,rail,1,28,172,50,2
Screenshot_20220630-222942_Crossy Road.jpg,291,333,rail,70,196,254,218,2
Screenshot_20220630-222942_Crossy Road.jpg,291,333,rail,65,178,245,197,2
Screenshot_20220630-222942_Crossy Road.jpg,291,333,light on,147,166,176,202,2
Screenshot_20220630-222942_Crossy Road.jpg,291,333,light off,147,186,177,220,2
Screenshot_20220630-222942_Crossy Road.jpg,291,333,duck,172,241,192,266,2
Screenshot_20220630-222942_Crossy Road.jpg,291,333,rock,142,282,168,306,2
Screenshot_20220630-222942_Crossy Road.jpg,291,333,rock,196,132,222,157,2
Screenshot_20220630-222942_Crossy Road.jpg,291,333,rock,120,135,142,157,2
Screenshot_20220630-222942_Crossy Road.jpg,291,333,tree,142,130,165,154,2
Screenshot_20220630-222942_Crossy Road.jpg,291,333,tree,79,91,114,135,2
Screenshot_20220630-222942_Crossy Road.jpg,291,333,tree,91,92,114,116,2
Screenshot_20220630-222942_Crossy Road.jpg,291,333,tree,58,98,85,136,2
Screenshot_20220630-222942_Crossy Road.jpg,291,333,tree,36,122,61,154,2
Screenshot_20220630-222942_Crossy Road.jpg,291,333,tree,32,99,59,133,2
Screenshot_20220630-222942_Crossy Road.jpg,291,333,tree,35,86,60,118,2
Screenshot_20220630-222942_Crossy Road.jpg,291,333,tree,185,265,217,302,2
Screenshot_20220630-222942_Crossy Road.jpg,291,333,tree,193,259,217,281,2
Screenshot_20220630-222942_Crossy Road.jpg,291,333,tree,219,258,241,285,2
Screenshot_20220630-222942_Crossy Road.jpg,291,333,tree,236,277,266,315,2
Screenshot_20220630-222942_Crossy Road.jpg,291,333,car,1,58,32,85,2
Screenshot_20220630-222942_Crossy Road.jpg,291,333,car,72,74,123,102,2
Screenshot_20220630-222942_Crossy Road.jpg,291,333,tree,117,1,140,26,2
Screenshot_20220630-222942_Crossy Road.jpg,291,333,truck,85,213,189,253,2
Screenshot_20220630-222955_Crossy Road.jpg,291,333,water,123,289,291,304,3
Screenshot_20220630-222955_Crossy Road.jpg,291,333,lilypad,150,290,168,305,3
Screenshot_20220630-222955_Crossy Road.jpg,291,333,lilypad,175,290,196,305,3
Screenshot_20220630-222955_Crossy Road.jpg,291,333,tree,238,278,268,310,3
Screenshot_20220630-222955_Crossy Road.jpg,291,333,tree,220,236,242,262,3
Screenshot_20220630-222955_Crossy Road.jpg,291,333,tree,220,162,245,186,3
Screenshot_20220630-222955_Crossy Road.jpg,291,333,tree,89,230,113,263,3
Screenshot_20220630-222955_Crossy Road.jpg,291,333,tree,80,143,111,188,3
Screenshot_20220630-222955_Crossy Road.jpg,291,333,tree,89,125,111,150,3
Screenshot_20220630-222955_Crossy Road.jpg,291,333,tree,118,125,138,151,3
Screenshot_20220630-222955_Crossy Road.jpg,291,333,tree,33,118,59,149,3
Screenshot_20220630-222955_Crossy Road.jpg,291,333,tree,38,12,62,38,3
Screenshot_20220630-222955_Crossy Road.jpg,291,333,tree,119,12,139,37,3
Screenshot_20220630-222955_Crossy Road.jpg,291,333,car,36,87,86,119,3
Screenshot_20220630-222955_Crossy Road.jpg,291,333,car,181,107,227,135,3
Screenshot_20220630-222955_Crossy Road.jpg,291,333,car,116,145,156,173,3
Screenshot_20220630-222955_Crossy Road.jpg,291,333,car,44,31,99,61,3
Screenshot_20220630-222955_Crossy Road.jpg,291,333,truck,13,38,100,79,3
Screenshot_20220630-222955_Crossy Road.jpg,291,333,rock,122,298,142,319,3
Screenshot_20220630-222955_Crossy Road.jpg,291,333,car,117,1,159,27,3
Screenshot_20220630-222955_Crossy Road.jpg,291,333,light off,150,68,176,105,3
Screenshot_20220630-222955_Crossy Road.jpg,291,333,rail,15,78,199,104,3
Screenshot_20220630-222955_Crossy Road.jpg,291,333,car,183,218,241,247,3
Screenshot_20220630-222955_Crossy Road.jpg,291,333,car,171,200,222,229,3
Screenshot_20220630-222955_Crossy Road.jpg,291,333,duck,171,237,189,261,3
Screenshot_20220630-223006_Crossy Road.jpg,291,333,car,149,100,204,130,4
Screenshot_20220630-223006_Crossy Road.jpg,291,333,tree,135,142,165,181,4
Screenshot_20220630-223006_Crossy Road.jpg,291,333,tree,191,148,215,178,4
Screenshot_20220630-223006_Crossy Road.jpg,291,333,car,148,137,206,164,4
Screenshot_20220630-223006_Crossy Road.jpg,291,333,car,130,248,186,280,4
Screenshot_20220630-223006_Crossy Road.jpg,291,333,car,247,231,291,259,4
Screenshot_20220630-223006_Crossy Road.jpg,291,333,car,1,45,55,73,4
Screenshot_20220630-223006_Crossy Road.jpg,291,333,tree,107,260,137,290,4
Screenshot_20220630-223006_Crossy Road.jpg,291,333,tree,267,256,291,293,4
Screenshot_20220630-223006_Crossy Road.jpg,291,333,tree,29,43,61,88,4
Screenshot_20220630-223006_Crossy Road.jpg,291,333,tree,59,12,89,48,4
Screenshot_20220630-223006_Crossy Road.jpg,291,333,tree,38,23,62,46,4
Screenshot_20220630-223006_Crossy Road.jpg,291,333,tree,9,13,35,46,4
Screenshot_20220630-223006_Crossy Road.jpg,291,333,tree,139,3,165,31,4
Screenshot_20220630-223006_Crossy Road.jpg,291,333,car,192,174,249,200,4
Screenshot_20220630-223006_Crossy Road.jpg,291,333,car,197,192,257,222,4
Screenshot_20220630-223006_Crossy Road.jpg,291,333,rock,221,217,248,238,4
Screenshot_20220630-223006_Crossy Road.jpg,291,333,rock,116,215,142,238,4
Screenshot_20220630-223006_Crossy Road.jpg,291,333,tree,238,199,266,235,4
Screenshot_20220630-223006_Crossy Road.jpg,291,333,duck,172,231,187,255,4
Screenshot_20220630-223155_Crossy Road.jpg,291,333,tree,83,99,114,138,5
Screenshot_20220630-223155_Crossy Road.jpg,291,333,tree,64,114,87,139,5
Screenshot_20220630-223155_Crossy Road.jpg,291,333,tree,28,101,61,138,5
Screenshot_20220630-223155_Crossy Road.jpg,291,333,tree,35,32,62,66,5
Screenshot_20220630-223155_Crossy Road.jpg,291,333,tree,9,32,34,64,5
Screenshot_20220630-223155_Crossy Road.jpg,291,333,tree,114,13,140,45,5
Screenshot_20220630-223155_Crossy Road.jpg,291,333,tree,141,19,169,47,5
Screenshot_20220630-223155_Crossy Road.jpg,291,333,tree,34,17,63,41,5
Screenshot_20220630-223155_Crossy Road.jpg,291,333,car,147,76,188,107,5
Screenshot_20220630-223155_Crossy Road.jpg,291,333,car,5,78,31,97,5
Screenshot_20220630-223155_Crossy Road.jpg,291,333,car,106,132,158,163,5
Screenshot_20220630-223155_Crossy Road.jpg,291,333,car,160,149,211,181,5
Screenshot_20220630-223155_Crossy Road.jpg,291,333,car,112,206,163,237,5
Screenshot_20220630-223155_Crossy Road.jpg,291,333,duck,170,244,189,268,5
Screenshot_20220630-223155_Crossy Road.jpg,291,333,tree,221,188,245,212,5
Screenshot_20220630-223155_Crossy Road.jpg,291,333,tree,239,212,272,248,5
Screenshot_20220630-223155_Crossy Road.jpg,291,333,tree,109,216,138,250,5
Screenshot_20220630-223155_Crossy Road.jpg,291,333,tree,111,236,138,269,5
Screenshot_20220630-223155_Crossy Road.jpg,291,333,tree,157,316,179,333,5
Screenshot_20220630-223155_Crossy Road.jpg,291,333,tree,138,316,157,333,5
Screenshot_20220630-223155_Crossy Road.jpg,291,333,rock,119,119,143,139,5
Screenshot_20220630-223155_Crossy Road.jpg,291,333,rock,194,118,215,140,5
Screenshot_20220630-223155_Crossy Road.jpg,291,333,rock,194,248,221,271,5
Screenshot_20220701-151403_Crossy Road.jpg,291,333,rock,119,136,142,159,6
Screenshot_20220701-151403_Crossy Road.jpg,291,333,rock,143,137,168,158,6
Screenshot_20220701-151403_Crossy Road.jpg,291,333,tree,87,126,113,156,6
Screenshot_20220701-151403_Crossy Road.jpg,291,333,tree,90,151,111,176,6
Screenshot_20220701-151403_Crossy Road.jpg,291,333,tree,38,118,63,160,6
Screenshot_20220701-151403_Crossy Road.jpg,291,333,tree,35,70,61,101,6
Screenshot_20220701-151403_Crossy Road.jpg,291,333,tree,64,38,89,62,6
Screenshot_20220701-151403_Crossy Road.jpg,291,333,tree,40,38,61,65,6
Screenshot_20220701-151403_Crossy Road.jpg,291,333,tree,91,20,115,45,6
Screenshot_20220701-151403_Crossy Road.jpg,291,333,tree,115,17,140,43,6
Screenshot_20220701-151403_Crossy Road.jpg,291,333,tree,66,20,87,41,6
Screenshot_20220701-151403_Crossy Road.jpg,291,333,tree,14,20,35,44,6
Screenshot_20220701-151403_Crossy Road.jpg,291,333,tree,115,186,138,210,6
Screenshot_20220701-151403_Crossy Road.jpg,291,333,car,164,169,217,199,6
Screenshot_20220701-151403_Crossy Road.jpg,291,333,car,90,207,143,237,6
Screenshot_20220701-151403_Crossy Road.jpg,291,333,truck,184,214,269,253,6
Screenshot_20220701-151403_Crossy Road.jpg,291,333,tree,243,243,268,267,6
Screenshot_20220701-151403_Crossy Road.jpg,291,333,tree,217,260,242,286,6
Screenshot_20220701-151403_Crossy Road.jpg,291,333,tree,192,242,215,267,6
Screenshot_20220701-151403_Crossy Road.jpg,291,333,tree,267,271,291,305,6
Screenshot_20220701-151403_Crossy Road.jpg,291,333,car,92,58,150,88,6
Screenshot_20220701-151403_Crossy Road.jpg,291,333,car,138,3,162,31,6
Screenshot_20220701-151403_Crossy Road.jpg,291,333,duck,170,244,189,270,6
Screenshot_20220701-151439_Crossy Road.jpg,291,333,duck,169,225,187,248,7
Screenshot_20220701-151439_Crossy Road.jpg,291,333,rock,142,230,167,255,7
Screenshot_20220701-151439_Crossy Road.jpg,291,333,rock,221,157,246,180,7
Screenshot_20220701-151439_Crossy Road.jpg,291,333,rock,118,101,143,125,7
Screenshot_20220701-151439_Crossy Road.jpg,291,333,rock,146,155,167,177,7
Screenshot_20220701-151439_Crossy Road.jpg,291,333,tree,32,24,60,65,7
Screenshot_20220701-151439_Crossy Road.jpg,291,333,tree,91,1,114,29,7
Screenshot_20220701-151439_Crossy Road.jpg,291,333,tree,28,77,61,119,7
Screenshot_20220701-151439_Crossy Road.jpg,291,333,tree,84,82,115,119,7
Screenshot_20220701-151439_Crossy Road.jpg,291,333,tree,191,163,216,194,7
Screenshot_20220701-151439_Crossy Road.jpg,291,333,tree,141,170,164,194,7
Screenshot_20220701-151439_Crossy Road.jpg,291,333,tree,242,254,267,287,7
Screenshot_20220701-151439_Crossy Road.jpg,291,333,tree,137,274,163,309,7
Screenshot_20220701-151439_Crossy Road.jpg,291,333,truck,127,289,215,332,7
Screenshot_20220701-151439_Crossy Road.jpg,291,333,car,159,245,212,275,7
Screenshot_20220701-151439_Crossy Road.jpg,291,333,car,81,112,135,145,7
Screenshot_20220701-151439_Crossy Road.jpg,291,333,truck,150,57,226,90,7
Screenshot_20220701-151439_Crossy Road.jpg,291,333,rail,46,143,234,164,7
Screenshot_20220701-151439_Crossy Road.jpg,291,333,light off,147,129,170,166,7
Screenshot_20220701-151505_Crossy Road.jpg,291,333,stump,123,127,138,144,8
Screenshot_20220701-151505_Crossy Road.jpg,291,333,duck,171,229,189,252,8
Screenshot_20220701-151505_Crossy Road.jpg,291,333,tree,87,109,114,143,8
Screenshot_20220701-151505_Crossy Road.jpg,291,333,tree,64,116,86,142,8
Screenshot_20220701-151505_Crossy Road.jpg,291,333,tree,28,103,60,142,8
Screenshot_20220701-151505_Crossy Road.jpg,291,333,tree,10,21,36,49,8
Screenshot_20220701-151505_Crossy Road.jpg,291,333,tree,91,24,113,47,8
Screenshot_20220701-151505_Crossy Road.jpg,291,333,tree,113,16,142,47,8
Screenshot_20220701-151505_Crossy Road.jpg,291,333,car,151,136,202,168,8
Screenshot_20220701-151505_Crossy Road.jpg,291,333,car,97,191,137,222,8
Screenshot_20220701-151505_Crossy Road.jpg,291,333,car,182,210,234,245,8
Screenshot_20220701-151505_Crossy Road.jpg,291,333,tree,194,171,217,198,8
Screenshot_20220701-151505_Crossy Road.jpg,291,333,car,141,247,182,277,8
Screenshot_20220701-151505_Crossy Road.jpg,291,333,tree,261,282,284,316,8
Screenshot_20220701-151505_Crossy Road.jpg,291,333,tree,218,229,242,255,8
Screenshot_20220701-151505_Crossy Road.jpg,291,333,car,1,10,50,38,8
Screenshot_20220701-151505_Crossy Road.jpg,291,333,light on,145,283,173,320,8
Screenshot_20220701-151505_Crossy Road.jpg,291,333,rail,121,292,291,315,8
Screenshot_20220701-151505_Crossy Road.jpg,291,333,rail,114,275,291,297,8
Screenshot_20220701-151505_Crossy Road.jpg,291,333,truck,82,33,167,76,8
Screenshot_20220701-151505_Crossy Road.jpg,291,333,light off,146,266,172,299,8
Screenshot_20220701-151518_Crossy Road.jpg,291,333,tree,55,104,85,147,9
Screenshot_20220701-151518_Crossy Road.jpg,291,333,tree,58,89,85,124,9
Screenshot_20220701-151518_Crossy Road.jpg,291,333,tree,35,96,63,137,9
Screenshot_20220701-151518_Crossy Road.jpg,291,333,tree,38,122,60,147,9
Screenshot_20220701-151518_Crossy Road.jpg,291,333,tree,58,34,87,73,9
Screenshot_20220701-151518_Crossy Road.jpg,291,333,tree,41,5,63,37,9
Screenshot_20220701-151518_Crossy Road.jpg,291,333,tree,3,27,36,74,9
Screenshot_20220701-151518_Crossy Road.jpg,291,333,tree,110,206,138,240,9
Screenshot_20220701-151518_Crossy Road.jpg,291,333,tree,137,208,164,240,9
Screenshot_20220701-151518_Crossy Road.jpg,291,333,tree,141,196,165,220,9
Screenshot_20220701-151518_Crossy Road.jpg,291,333,car,206,178,251,209,9
Screenshot_20220701-151518_Crossy Road.jpg,291,333,car,186,270,245,299,9
Screenshot_20220701-151518_Crossy Road.jpg,291,333,car,264,256,291,285,9
Screenshot_20220701-151518_Crossy Road.jpg,291,333,car,60,160,114,189,9
Screenshot_20220701-151518_Crossy Road.jpg,291,333,car,99,86,140,115,9
Screenshot_20220701-151518_Crossy Road.jpg,291,333,car,128,65,181,98,9
Screenshot_20220701-151518_Crossy Road.jpg,291,333,car,136,283,162,312,9
Screenshot_20220701-151518_Crossy Road.jpg,291,333,train,123,294,291,331,9
Screenshot_20220701-151518_Crossy Road.jpg,291,333,light off,145,307,169,333,9
Screenshot_20220701-151518_Crossy Road.jpg,291,333,train,244,214,268,243,9
Screenshot_20220701-151518_Crossy Road.jpg,291,333,duck,170,217,191,241,9
Screenshot_20220701-151518_Crossy Road.jpg,291,333,tree,192,97,218,130,9
Screenshot_20220701-151529_Crossy Road.jpg,291,333,tree,91,47,114,73,10
Screenshot_20220701-151529_Crossy Road.jpg,291,333,tree,143,48,166,75,10
Screenshot_20220701-151529_Crossy Road.jpg,291,333,tree,139,78,166,109,10
Screenshot_20220701-151529_Crossy Road.jpg,291,333,tree,89,65,113,91,10
Screenshot_20220701-151529_Crossy Road.jpg,291,333,tree,32,72,62,109,10
Screenshot_20220701-151529_Crossy Road.jpg,291,333,tree,31,53,60,89,10
Screenshot_20220701-151529_Crossy Road.jpg,291,333,tree,35,40,61,72,10
Screenshot_20220701-151529_Crossy Road.jpg,291,333,tree,5,35,35,71,10
Screenshot_20220701-151529_Crossy Road.jpg,291,333,tree,6,52,36,91,10
Screenshot_20220701-151529_Crossy Road.jpg,291,333,tree,16,84,40,114,10
Screenshot_20220701-151529_Crossy Road.jpg,291,333,stump,72,114,86,128,10
Screenshot_20220701-151529_Crossy Road.jpg,291,333,rock,195,126,221,149,10
Screenshot_20220701-151529_Crossy Road.jpg,291,333,tree,138,153,164,184,10
Screenshot_20220701-151529_Crossy Road.jpg,291,333,tree,84,152,111,184,10
Screenshot_20220701-151529_Crossy Road.jpg,291,333,tree,56,145,87,185,10
Screenshot_20220701-151529_Crossy Road.jpg,291,333,tree,7,33,35,69,10
Screenshot_20220701-151529_Crossy Road.jpg,291,333,tree,113,252,135,277,10
Screenshot_20220701-151529_Crossy Road.jpg,291,333,tree,242,264,267,296,10
Screenshot_20220701-151529_Crossy Road.jpg,291,333,tree,240,238,266,276,10
Screenshot_20220701-151529_Crossy Road.jpg,291,333,tree,214,169,243,203,10
Screenshot_20220701-151529_Crossy Road.jpg,291,333,tree,218,289,240,313,10
Screenshot_20220701-151529_Crossy Road.jpg,291,333,tree,268,263,291,296,10
Screenshot_20220701-151529_Crossy Road.jpg,291,333,duck,171,218,190,242,10
Screenshot_20220701-151529_Crossy Road.jpg,291,333,car,109,235,168,265,10
Screenshot_20220701-151529_Crossy Road.jpg,291,333,car,84,215,113,243,10
Screenshot_20220701-151542_Crossy Road.jpg,291,333,water,40,123,243,198,11
Screenshot_20220701-151542_Crossy Road.jpg,291,333,rail,118,286,291,306,11
Screenshot_20220701-151542_Crossy Road.jpg,291,333,rail,128,304,253,325,11
Screenshot_20220701-151542_Crossy Road.jpg,291,333,train,182,263,262,304,11
Screenshot_20220701-151542_Crossy Road.jpg,291,333,car,129,257,182,290,11
Screenshot_20220701-151542_Crossy Road.jpg,291,333,car,92,220,138,251,11
Screenshot_20220701-151542_Crossy Road.jpg,291,333,car,141,184,193,215,11
Screenshot_20220701-151542_Crossy Road.jpg,291,333,duck,172,223,193,247,11
Screenshot_20220701-151542_Crossy Road.jpg,291,333,tree,189,231,216,265,11
Screenshot_20220701-151542_Crossy Road.jpg,291,333,tree,238,224,269,263,11
Screenshot_20220701-151542_Crossy Road.jpg,291,333,rock,221,243,247,267,11
Screenshot_20220701-151542_Crossy Road.jpg,291,333,tree,39,16,62,42,11
Screenshot_20220701-151542_Crossy Road.jpg,291,333,truck,1,43,47,84,11
Screenshot_20220701-151542_Crossy Road.jpg,291,333,car,124,73,165,101,11
Screenshot_20220701-151542_Crossy Road.jpg,291,333,log,89,124,147,138,11
Screenshot_20220701-151542_Crossy Road.jpg,291,333,log,115,143,173,157,11
Screenshot_20220701-151542_Crossy Road.jpg,291,333,log,58,162,109,178,11
Screenshot_20220701-151542_Crossy Road.jpg,291,333,log,95,181,152,194,11
Screenshot_20220701-151542_Crossy Road.jpg,291,333,log,125,162,204,175,11
Screenshot_20220701-151542_Crossy Road.jpg,291,333,log,211,143,248,156,11
Screenshot_20220701-151542_Crossy Road.jpg,291,333,log,187,179,245,193,11
Screenshot_20220701-151542_Crossy Road.jpg,291,333,light off,146,294,173,330,11
Screenshot_20220701-151542_Crossy Road.jpg,291,333,light off,146,276,171,309,11
Screenshot_20220701-151542_Crossy Road.jpg,291,333,tree,10,29,34,52,11
Screenshot_20220701-151542_Crossy Road.jpg,291,333,car,143,3,182,28,11
Screenshot_20220701-151542_Crossy Road.jpg,291,333,tree,15,83,38,111,11
Screenshot_20220701-151548_Crossy Road.jpg,291,333,tree,89,60,115,85,12
Screenshot_20220701-151548_Crossy Road.jpg,291,333,tree,65,60,87,84,12
Screenshot_20220701-151548_Crossy Road.jpg,291,333,tree,35,54,61,85,12
Screenshot_20220701-151548_Crossy Road.jpg,291,333,tree,8,53,37,86,12
Screenshot_20220701-151548_Crossy Road.jpg,291,333,tree,10,40,37,65,12
Screenshot_20220701-151548_Crossy Road.jpg,291,333,tree,29,20,63,66,12
Screenshot_20220701-151548_Crossy Road.jpg,291,333,tree,89,153,111,178,12
Screenshot_20220701-151548_Crossy Road.jpg,291,333,tree,191,145,216,176,12
Screenshot_20220701-151548_Crossy Road.jpg,291,333,tree,138,202,164,234,12
Screenshot_20220701-151548_Crossy Road.jpg,291,333,tree,193,245,216,271,12
Screenshot_20220701-151548_Crossy Road.jpg,291,333,tree,219,264,242,289,12
Screenshot_20220701-151548_Crossy Road.jpg,291,333,tree,239,233,267,269,12
Screenshot_20220701-151548_Crossy Road.jpg,291,333,rock,219,158,237,179,12
Screenshot_20220701-151548_Crossy Road.jpg,291,333,car,98,135,158,166,12
Screenshot_20220701-151548_Crossy Road.jpg,291,333,car,167,175,218,204,12
Screenshot_20220701-151548_Crossy Road.jpg,291,333,car,189,116,233,147,12
Screenshot_20220701-151548_Crossy Road.jpg,291,333,car,54,79,107,109,12
Screenshot_20220701-151548_Crossy Road.jpg,291,333,car,32,115,86,149,12
Screenshot_20220701-151548_Crossy Road.jpg,291,333,car,48,5,107,37,12
Screenshot_20220701-151548_Crossy Road.jpg,291,333,car,1,22,53,53,12
Screenshot_20220701-151548_Crossy Road.jpg,291,333,car,158,25,203,53,12
Screenshot_20220701-151548_Crossy Road.jpg,291,333,rail,32,106,209,131,12
Screenshot_20220701-151548_Crossy Road.jpg,291,333,light off,148,96,177,133,12
Screenshot_20220701-151548_Crossy Road.jpg,291,333,lilypad,150,245,170,258,12
Screenshot_20220701-151548_Crossy Road.jpg,291,333,lilypad,176,243,195,258,12
Screenshot_20220701-151548_Crossy Road.jpg,291,333,lilypad,204,244,221,257,12
Screenshot_20220701-151548_Crossy Road.jpg,291,333,duck,172,232,191,254,12
Screenshot_20220701-151548_Crossy Road.jpg,291,333,truck,66,180,144,221,12
Screenshot_20220701-151605_Crossy Road.jpg,291,333,tree,21,65,54,107,13
Screenshot_20220701-151605_Crossy Road.jpg,291,333,tree,33,102,52,127,13
Screenshot_20220701-151605_Crossy Road.jpg,291,333,tree,56,152,80,185,13
Screenshot_20220701-151605_Crossy Road.jpg,291,333,tree,108,177,130,202,13
Screenshot_20220701-151605_Crossy Road.jpg,291,333,tree,133,252,156,277,13
Screenshot_20220701-151605_Crossy Road.jpg,291,333,tree,253,232,289,276,13
Screenshot_20220701-151605_Crossy Road.jpg,291,333,tree,78,3,103,35,13
Screenshot_20220701-151605_Crossy Road.jpg,291,333,tree,54,1,79,34,13
Screenshot_20220701-151605_Crossy Road.jpg,291,333,truck,73,37,162,78,13
Screenshot_20220701-151605_Crossy Road.jpg,291,333,car,133,28,176,59,13
Screenshot_20220701-151605_Crossy Road.jpg,291,333,car,42,65,102,93,13
Screenshot_20220701-151605_Crossy Road.jpg,291,333,car,1,32,28,60,13
Screenshot_20220701-151605_Crossy Road.jpg,291,333,car,161,122,201,151,13
Screenshot_20220701-151605_Crossy Road.jpg,291,333,car,78,140,132,170,13
Screenshot_20220701-151605_Crossy Road.jpg,291,333,rock,136,166,162,184,13
Screenshot_20220701-151605_Crossy Road.jpg,291,333,car,164,233,216,263,13
Screenshot_20220701-151605_Crossy Road.jpg,291,333,log,162,231,219,242,13
Screenshot_20220701-151605_Crossy Road.jpg,291,333,log,89,210,147,227,13
Screenshot_20220701-151605_Crossy Road.jpg,291,333,log,77,231,115,242,13
Screenshot_20220701-151605_Crossy Road.jpg,291,333,duck,193,219,212,241,13
Screenshot_20220701-151605_Crossy Road.jpg,291,333,water,85,212,269,247,13
Screenshot_20220701-151605_Crossy Road.jpg,291,333,stump,116,169,130,182,13
Screenshot_20220701-151625_Crossy Road.jpg,291,333,rail,17,84,200,107,14
Screenshot_20220701-151625_Crossy Road.jpg,291,333,light off,148,74,177,110,14
Screenshot_20220701-151625_Crossy Road.jpg,291,333,car,154,23,201,50,14
Screenshot_20220701-151625_Crossy Road.jpg,291,333,tree,10,31,37,63,14
Screenshot_20220701-151625_Crossy Road.jpg,291,333,truck,37,101,124,140,14
Screenshot_20220701-151625_Crossy Road.jpg,291,333,truck,1,92,53,128,14
Screenshot_20220701-151625_Crossy Road.jpg,291,333,truck,193,107,257,142,14
Screenshot_20220701-151625_Crossy Road.jpg,291,333,truck,80,137,165,182,14
Screenshot_20220701-151625_Crossy Road.jpg,291,333,truck,136,269,219,311,14
Screenshot_20220701-151625_Crossy Road.jpg,291,333,car,178,167,238,198,14
Screenshot_20220701-151625_Crossy Road.jpg,291,333,car,98,242,139,270,14
Screenshot_20220701-151625_Crossy Road.jpg,291,333,car,205,222,248,250,14
Screenshot_20220701-151625_Crossy Road.jpg,291,333,tree,139,120,165,154,14
Screenshot_20220701-151625_Crossy Road.jpg,291,333,tree,114,204,138,229,14
Screenshot_20220701-151625_Crossy Road.jpg,291,333,tree,217,198,244,229,14
Screenshot_20220701-151625_Crossy Road.jpg,291,333,tree,218,182,241,210,14
Screenshot_20220701-151625_Crossy Road.jpg,291,333,tree,218,252,243,286,14
Screenshot_20220701-151625_Crossy Road.jpg,291,333,rock,143,265,164,285,14
Screenshot_20220701-151625_Crossy Road.jpg,291,333,duck,172,261,184,279,14
Screenshot_20220701-151658_Crossy Road.jpg,291,333,water,97,234,268,249,15
Screenshot_20220701-151658_Crossy Road.jpg,291,333,rail,86,211,262,231,15
Screenshot_20220701-151658_Crossy Road.jpg,291,333,rail,112,266,290,284,15
Screenshot_20220701-151658_Crossy Road.jpg,291,333,rail,120,284,291,303,15
Screenshot_20220701-151658_Crossy Road.jpg,291,333,car,110,142,162,174,15
Screenshot_20220701-151658_Crossy Road.jpg,291,333,car,89,69,139,99,15
Screenshot_20220701-151658_Crossy Road.jpg,291,333,car,150,50,200,82,15
Screenshot_20220701-151658_Crossy Road.jpg,291,333,light on,144,253,178,290,15
Screenshot_20220701-151658_Crossy Road.jpg,291,333,light off,147,279,170,306,15
Screenshot_20220701-151658_Crossy Road.jpg,291,333,light off,148,200,177,236,15
Screenshot_20220701-151658_Crossy Road.jpg,291,333,lilypad,151,235,171,249,15
Screenshot_20220701-151658_Crossy Road.jpg,291,333,lilypad,175,234,195,250,15
Screenshot_20220701-151658_Crossy Road.jpg,291,333,tree,192,231,218,261,15
Screenshot_20220701-151658_Crossy Road.jpg,291,333,tree,218,237,242,263,15
Screenshot_20220701-151658_Crossy Road.jpg,291,333,tree,195,179,216,206,15
Screenshot_20220701-151658_Crossy Road.jpg,291,333,tree,195,161,216,186,15
Screenshot_20220701-151658_Crossy Road.jpg,291,333,tree,113,100,140,131,15
Screenshot_20220701-151658_Crossy Road.jpg,291,333,tree,28,86,61,131,15
Screenshot_20220701-151658_Crossy Road.jpg,291,333,tree,114,25,140,58,15
Screenshot_20220701-151658_Crossy Road.jpg,291,333,tree,94,13,114,38,15
Screenshot_20220701-151658_Crossy Road.jpg,291,333,tree,33,20,61,56,15
Screenshot_20220701-151658_Crossy Road.jpg,291,333,tree,12,31,35,56,15
Screenshot_20220701-151658_Crossy Road.jpg,291,333,tree,188,285,217,317,15
Screenshot_20220701-151658_Crossy Road.jpg,291,333,tree,241,284,265,310,15
Screenshot_20220701-151658_Crossy Road.jpg,291,333,tree,264,295,284,315,15
Screenshot_20220701-151658_Crossy Road.jpg,291,333,tree,239,296,261,318,15
Screenshot_20220701-151658_Crossy Road.jpg,291,333,rock,144,317,165,333,15
Screenshot_20220701-151658_Crossy Road.jpg,291,333,rock,118,297,142,318,15
Screenshot_20220701-151658_Crossy Road.jpg,291,333,rock,118,18,147,42,15
Screenshot_20220701-151658_Crossy Road.jpg,291,333,duck,172,238,193,263,15
Screenshot_20220701-151710_Crossy Road.jpg,291,333,log,74,93,131,108,16
Screenshot_20220701-151710_Crossy Road.jpg,291,333,log,159,93,210,106,16
Screenshot_20220701-151710_Crossy Road.jpg,291,333,log,187,113,234,125,16
Screenshot_20220701-151710_Crossy Road.jpg,291,333,log,191,132,239,144,16
Screenshot_20220701-151710_Crossy Road.jpg,291,333,log,73,131,127,144,16
Screenshot_20220701-151710_Crossy Road.jpg,291,333,log,72,113,153,126,16
Screenshot_20220701-151710_Crossy Road.jpg,291,333,water,26,93,225,164,16
Screenshot_20220701-151710_Crossy Road.jpg,291,333,lilypad,99,151,118,163,16
Screenshot_20220701-151710_Crossy Road.jpg,291,333,lilypad,177,150,197,163,16
Screenshot_20220701-151710_Crossy Road.jpg,291,333,rock,143,175,169,197,16
Screenshot_20220701-151710_Crossy Road.jpg,291,333,rock,221,231,247,254,16
Screenshot_20220701-151710_Crossy Road.jpg,291,333,duck,173,227,190,252,16
Screenshot_20220701-151710_Crossy Road.jpg,291,333,car,103,246,147,272,16
Screenshot_20220701-151710_Crossy Road.jpg,291,333,car,108,191,174,221,16
Screenshot_20220701-151710_Crossy Road.jpg,291,333,car,27,40,76,71,16
Screenshot_20220701-151710_Crossy Road.jpg,291,333,car,119,282,179,314,16
Screenshot_20220701-151710_Crossy Road.jpg,291,333,car,220,301,277,323,16
Screenshot_20220701-151710_Crossy Road.jpg,291,333,tree,53,156,85,195,16
Screenshot_20220701-151710_Crossy Road.jpg,291,333,tree,192,165,216,197,16
Screenshot_20220701-151710_Crossy Road.jpg,291,333,tree,214,165,243,196,16
Screenshot_20220701-151710_Crossy Road.jpg,291,333,tree,113,52,139,84,16
Screenshot_20220701-151710_Crossy Road.jpg,291,333,tree,1,40,35,83,16
Screenshot_20220701-151710_Crossy Road.jpg,291,333,car,119,317,150,333,16
Screenshot_20220701-151823_Crossy Road.jpg,291,333,car,74,116,126,147,17
Screenshot_20220701-151823_Crossy Road.jpg,291,333,car,119,135,176,163,17
Screenshot_20220701-151823_Crossy Road.jpg,291,333,car,144,154,184,181,17
Screenshot_20220701-151823_Crossy Road.jpg,291,333,car,174,190,225,221,17
Screenshot_20220701-151823_Crossy Road.jpg,291,333,car,162,264,213,296,17
Screenshot_20220701-151823_Crossy Road.jpg,291,333,truck,244,243,291,276,17
Screenshot_20220701-151823_Crossy Road.jpg,291,333,truck,112,291,174,331,17
Screenshot_20220701-151823_Crossy Road.jpg,291,333,tree,138,324,151,333,17
Screenshot_20220701-151823_Crossy Road.jpg,291,333,tree,115,226,137,250,17
Screenshot_20220701-151823_Crossy Road.jpg,291,333,tree,222,206,243,233,17
Screenshot_20220701-151823_Crossy Road.jpg,291,333,tree,270,281,291,307,17
Screenshot_20220701-151823_Crossy Road.jpg,291,333,tree,63,72,88,103,17
Screenshot_20220701-151823_Crossy Road.jpg,291,333,tree,30,59,59,102,17
Screenshot_20220701-151823_Crossy Road.jpg,291,333,tree,14,60,34,83,17
Screenshot_20220701-151823_Crossy Road.jpg,291,333,tree,12,78,35,103,17
Screenshot_20220701-151823_Crossy Road.jpg,291,333,tree,33,51,59,79,17
Screenshot_20220701-151823_Crossy Road.jpg,291,333,rock,142,213,168,237,17
Screenshot_20220701-151823_Crossy Road.jpg,291,333,duck,171,227,189,251,17
Screenshot_20220701-151823_Crossy Road.jpg,291,333,rock,221,287,245,311,17
Screenshot_20220701-151823_Crossy Road.jpg,291,333,car,137,40,179,71,17
Screenshot_20220701-151823_Crossy Road.jpg,291,333,coin,125,57,140,69,17
Screenshot_20220701-151823_Crossy Road.jpg,291,333,car,1,22,43,52,17
Screenshot_20220701-151823_Crossy Road.jpg,291,333,car,1,44,21,63,17
Screenshot_20220701-152325_Crossy Road.jpg,291,333,car,30,84,83,116,18
Screenshot_20220701-152325_Crossy Road.jpg,291,333,car,187,86,231,114,18
Screenshot_20220701-152325_Crossy Road.jpg,291,333,car,144,100,186,131,18
Screenshot_20220701-152325_Crossy Road.jpg,291,333,car,86,156,137,188,18
Screenshot_20220701-152325_Crossy Road.jpg,291,333,car,102,214,154,243,18
Screenshot_20220701-152325_Crossy Road.jpg,291,333,duck,169,231,190,255,18
Screenshot_20220701-152325_Crossy Road.jpg,291,333,rock,196,256,219,277,18
Screenshot_20220701-152325_Crossy Road.jpg,291,333,tree,217,224,242,257,18
Screenshot_20220701-152325_Crossy Road.jpg,291,333,tree,190,224,214,255,18
Screenshot_20220701-152325_Crossy Road.jpg,291,333,tree,220,175,244,201,18
Screenshot_20220701-152325_Crossy Road.jpg,291,333,tree,195,138,215,163,18
Screenshot_20220701-152325_Crossy Road.jpg,291,333,rock,116,122,142,146,18
Screenshot_20220701-152325_Crossy Road.jpg,291,333,tree,88,131,111,164,18
Screenshot_20220701-152325_Crossy Road.jpg,291,333,tree,34,112,62,145,18
Screenshot_20220701-152325_Crossy Road.jpg,291,333,tree,39,129,62,159,18
Screenshot_20220701-152325_Crossy Road.jpg,291,333,tree,91,64,114,88,18
Screenshot_20220701-152325_Crossy Road.jpg,291,333,tree,6,57,34,89,18
Screenshot_20220701-152325_Crossy Road.jpg,291,333,tree,40,10,63,37,18
Screenshot_20220701-152325_Crossy Road.jpg,291,333,tree,18,8,38,37,18
Screenshot_20220701-152325_Crossy Road.jpg,291,333,car,203,193,242,224,18
Screenshot_20220701-152338_Crossy Road.jpg,291,333,coin,75,86,89,99,19
Screenshot_20220701-152338_Crossy Road.jpg,291,333,coin,102,50,116,63,19
Screenshot_20220701-152338_Crossy Road.jpg,291,333,car,93,144,144,176,19
Screenshot_20220701-152338_Crossy Road.jpg,291,333,car,163,164,201,193,19
Screenshot_20220701-152338_Crossy Road.jpg,291,333,car,111,239,163,267,19
Screenshot_20220701-152338_Crossy Road.jpg,291,333,duck,171,221,189,243,19
Screenshot_20220701-152338_Crossy Road.jpg,291,333,tree,195,201,217,225,19
Screenshot_20220701-152338_Crossy Road.jpg,291,333,tree,141,201,164,225,19
Screenshot_20220701-152338_Crossy Road.jpg,291,333,tree,111,193,139,225,19
Screenshot_20220701-152338_Crossy Road.jpg,291,333,car,135,72,187,101,19
Screenshot_20220701-152338_Crossy Road.jpg,291,333,car,126,53,177,79,19
Screenshot_20220701-152338_Crossy Road.jpg,291,333,truck,1,24,57,63,19
Screenshot_20220701-152338_Crossy Road.jpg,291,333,rock,220,280,246,303,19
Screenshot_20220701-152338_Crossy Road.jpg,291,333,tree,238,261,267,299,19
Screenshot_20220701-152338_Crossy Road.jpg,291,333,rock,117,130,142,149,19
Screenshot_20220701-152338_Crossy Road.jpg,291,333,tree,89,89,114,113,19
Screenshot_20220701-152338_Crossy Road.jpg,291,333,truck,27,177,82,211,19
Screenshot_20220701-152355_Crossy Road.jpg,291,333,tree,84,84,113,123,20
Screenshot_20220701-152355_Crossy Road.jpg,291,333,car,107,79,165,109,20
Screenshot_20220701-152355_Crossy Road.jpg,291,333,car,130,133,180,165,20
Screenshot_20220701-152355_Crossy Road.jpg,291,333,car,142,116,192,149,20
Screenshot_20220701-152355_Crossy Road.jpg,291,333,car,108,173,158,202,20
Screenshot_20220701-152355_Crossy Road.jpg,291,333,car,67,191,115,220,20
Screenshot_20220701-152355_Crossy Road.jpg,291,333,car,221,190,271,221,20
Screenshot_20220701-152355_Crossy Road.jpg,291,333,rock,146,48,170,70,20
Screenshot_20220701-152355_Crossy Road.jpg,291,333,tree,145,21,166,48,20
Screenshot_20220701-152355_Crossy Road.jpg,291,333,tree,35,36,62,67,20
Screenshot_20220701-152355_Crossy Road.jpg,291,333,tree,11,41,35,66,20
Screenshot_20220701-152355_Crossy Road.jpg,291,333,tree,14,22,35,45,20
Screenshot_20220701-152355_Crossy Road.jpg,291,333,tree,37,18,60,46,20
Screenshot_20220701-152355_Crossy Road.jpg,291,333,tree,114,1,139,27,20
Screenshot_20220701-152355_Crossy Road.jpg,291,333,tree,92,1,114,29,20
Screenshot_20220701-152355_Crossy Road.jpg,291,333,tree,138,201,162,235,20
Screenshot_20220701-152355_Crossy Road.jpg,291,333,tree,193,284,213,307,20
Screenshot_20220701-152355_Crossy Road.jpg,291,333,tree,193,264,215,287,20
Screenshot_20220701-152355_Crossy Road.jpg,291,333,tree,190,239,213,265,20
Screenshot_20220701-152355_Crossy Road.jpg,291,333,tree,242,257,266,288,20
Screenshot_20220701-152355_Crossy Road.jpg,291,333,tree,221,150,238,179,20
Screenshot_20220701-152355_Crossy Road.jpg,291,333,rock,143,269,166,293,20
Screenshot_20220701-152355_Crossy Road.jpg,291,333,light off,147,303,171,333,20
Screenshot_20220701-152355_Crossy Road.jpg,291,333,rail,136,312,221,330,20
Screenshot_20220701-152355_Crossy Road.jpg,291,333,duck,170,228,188,252,20
Screenshot_20220701-152408_Crossy Road.jpg,291,333,water,64,170,266,242,21
Screenshot_20220701-152408_Crossy Road.jpg,291,333,log,122,189,203,203,21
Screenshot_20220701-152408_Crossy Road.jpg,291,333,log,217,209,262,221,21
Screenshot_20220701-152408_Crossy Road.jpg,291,333,log,231,188,264,203,21
Screenshot_20220701-152408_Crossy Road.jpg,291,333,log,215,168,259,184,21
Screenshot_20220701-152408_Crossy Road.jpg,291,333,log,53,171,97,182,21
Screenshot_20220701-152408_Crossy Road.jpg,291,333,log,77,59,158,72,21
Screenshot_20220701-152408_Crossy Road.jpg,291,333,log,1,40,60,53,21
Screenshot_20220701-152408_Crossy Road.jpg,291,333,log,134,41,187,53,21
Screenshot_20220701-152408_Crossy Road.jpg,291,333,log,126,23,179,35,21
Screenshot_20220701-152408_Crossy Road.jpg,291,333,log,83,2,159,18,21
Screenshot_20220701-152408_Crossy Road.jpg,291,333,lilypad,126,230,143,243,21
Screenshot_20220701-152408_Crossy Road.jpg,291,333,lilypad,153,230,170,240,21
Screenshot_20220701-152408_Crossy Road.jpg,291,333,lilypad,177,227,193,241,21
Screenshot_20220701-152408_Crossy Road.jpg,291,333,rock,145,141,168,164,21
Screenshot_20220701-152408_Crossy Road.jpg,291,333,rock,195,289,218,313,21
Screenshot_20220701-152408_Crossy Road.jpg,291,333,car,25,81,78,113,21
Screenshot_20220701-152408_Crossy Road.jpg,291,333,car,96,99,146,131,21
Screenshot_20220701-152408_Crossy Road.jpg,291,333,car,30,117,82,145,21
Screenshot_20220701-152408_Crossy Road.jpg,291,333,truck,177,256,257,296,21
Screenshot_20220701-152408_Crossy Road.jpg,291,333,tree,115,284,139,310,21
Screenshot_20220701-152408_Crossy Road.jpg,291,333,duck,174,215,190,236,21
Screenshot_20220701-152408_Crossy Road.jpg,291,333,lilypad,177,77,193,94,21
Screenshot_20220701-152412_Crossy Road.jpg,291,333,log,23,59,79,73,22
Screenshot_20220701-152412_Crossy Road.jpg,291,333,log,1,38,40,56,22
Screenshot_20220701-152412_Crossy Road.jpg,291,333,log,118,96,173,109,22
Screenshot_20220701-152412_Crossy Road.jpg,291,333,log,164,114,216,128,22
Screenshot_20220701-152412_Crossy Road.jpg,291,333,log,134,58,186,72,22
Screenshot_20220701-152412_Crossy Road.jpg,291,333,log,124,37,179,53,22
Screenshot_20220701-152412_Crossy Road.jpg,291,333,log,19,96,57,110,22
Screenshot_20220701-152412_Crossy Road.jpg,291,333,log,78,225,122,240,22
Screenshot_20220701-152412_Crossy Road.jpg,291,333,log,144,244,225,257,22
Screenshot_20220701-152412_Crossy Road.jpg,291,333,log,220,224,267,240,22
Screenshot_20220701-152412_Crossy Road.jpg,291,333,log,115,262,197,277,22
Screenshot_20220701-152412_Crossy Road.jpg,291,333,log,259,244,291,257,22
Screenshot_20220701-152412_Crossy Road.jpg,291,333,log,247,262,291,276,22
Screenshot_20220701-152412_Crossy Road.jpg,291,333,lilypad,164,283,179,297,22
Screenshot_20220701-152412_Crossy Road.jpg,291,333,lilypad,189,283,205,296,22
Screenshot_20220701-152412_Crossy Road.jpg,291,333,lilypad,214,282,233,298,22
Screenshot_20220701-152412_Crossy Road.jpg,291,333,car,112,285,150,308,22
Screenshot_20220701-152412_Crossy Road.jpg,291,333,truck,118,311,180,333,22
Screenshot_20220701-152412_Crossy Road.jpg,291,333,duck,145,229,162,255,22
Screenshot_20220701-152412_Crossy Road.jpg,291,333,rock,180,197,206,219,22
Screenshot_20220701-152412_Crossy Road.jpg,291,333,car,196,172,249,203,22
Screenshot_20220701-152412_Crossy Road.jpg,291,333,tree,65,171,97,216,22
Screenshot_20220701-152412_Crossy Road.jpg,291,333,car,55,171,95,197,22
Screenshot_20220701-152412_Crossy Road.jpg,291,333,tree,55,3,74,31,22
Screenshot_20220701-152412_Crossy Road.jpg,291,333,tree,30,6,50,31,22
Screenshot_20220701-152412_Crossy Road.jpg,291,333,tree,130,3,151,31,22
Screenshot_20220701-152412_Crossy Road.jpg,291,333,water,2,39,222,150,22
Screenshot_20220701-152412_Crossy Road.jpg,291,333,water,92,224,291,298,22
Screenshot_20220701-152422_Crossy Road.jpg,291,333,tree,35,45,61,76,23
Screenshot_20220701-152422_Crossy Road.jpg,291,333,tree,9,64,35,95,23
Screenshot_20220701-152422_Crossy Road.jpg,291,333,tree,7,41,34,73,23
Screenshot_20220701-152422_Crossy Road.jpg,291,333,tree,35,118,58,148,23
Screenshot_20220701-152422_Crossy Road.jpg,291,333,tree,237,218,268,264,23
Screenshot_20220701-152422_Crossy Road.jpg,291,333,tree,222,200,241,223,23
Screenshot_20220701-152422_Crossy Road.jpg,291,333,tree,84,225,112,266,23
Screenshot_20220701-152422_Crossy Road.jpg,291,333,tree,62,64,89,96,23
Screenshot_20220701-152422_Crossy Road.jpg,291,333,car,70,91,128,122,23
Screenshot_20220701-152422_Crossy Road.jpg,291,333,car,112,16,165,47,23
Screenshot_20220701-152422_Crossy Road.jpg,291,333,car,162,108,215,140,23
Screenshot_20220701-152422_Crossy Road.jpg,291,333,car,117,257,170,288,23
Screenshot_20220701-152422_Crossy Road.jpg,291,333,car,222,275,278,307,23
Screenshot_20220701-152422_Crossy Road.jpg,291,333,car,273,262,291,287,23
Screenshot_20220701-152422_Crossy Road.jpg,291,333,car,153,295,204,323,23
Screenshot_20220701-152422_Crossy Road.jpg,291,333,rock,142,188,167,210,23
Screenshot_20220701-152422_Crossy Road.jpg,291,333,rock,195,204,220,226,23
Screenshot_20220701-152422_Crossy Road.jpg,291,333,rock,196,222,219,248,23
Screenshot_20220701-152422_Crossy Road.jpg,291,333,truck,186,135,262,176,23
Screenshot_20220701-152422_Crossy Road.jpg,291,333,truck,35,135,113,177,23
Screenshot_20220701-152422_Crossy Road.jpg,291,333,rock,145,59,171,81,23
Screenshot_20220701-152422_Crossy Road.jpg,291,333,duck,172,203,190,226,23
Screenshot_20220701-152427_Crossy Road.jpg,291,333,tree,38,12,61,43,24
Screenshot_20220701-152427_Crossy Road.jpg,291,333,tree,118,17,138,44,24
Screenshot_20220701-152427_Crossy Road.jpg,291,333,tree,14,16,36,44,24
Screenshot_20220701-152427_Crossy Road.jpg,291,333,tree,80,166,111,209,24
Screenshot_20220701-152427_Crossy Road.jpg,291,333,car,31,147,69,174,24
Screenshot_20220701-152427_Crossy Road.jpg,291,333,car,198,130,248,160,24
Screenshot_20220701-152427_Crossy Road.jpg,291,333,car,157,92,210,121,24
Screenshot_20220701-152427_Crossy Road.jpg,291,333,car,146,223,197,252,24
Screenshot_20220701-152427_Crossy Road.jpg,291,333,car,122,241,173,270,24
Screenshot_20220701-152427_Crossy Road.jpg,291,333,car,236,203,283,233,24
Screenshot_20220701-152427_Crossy Road.jpg,291,333,coin,100,146,115,156,24
Screenshot_20220701-152427_Crossy Road.jpg,291,333,coin,153,164,166,175,24
Screenshot_20220701-152427_Crossy Road.jpg,291,333,coin,204,219,216,229,24
Screenshot_20220701-152427_Crossy Road.jpg,291,333,rock,143,266,166,287,24
Screenshot_20220701-152427_Crossy Road.jpg,291,333,lilypad,127,72,146,87,24
Screenshot_20220701-152427_Crossy Road.jpg,291,333,lilypad,178,71,197,86,24
Screenshot_20220701-152427_Crossy Road.jpg,291,333,car,167,315,208,333,24
Screenshot_20220701-152427_Crossy Road.jpg,291,333,tree,30,96,61,135,24
Screenshot_20220701-152427_Crossy Road.jpg,291,333,tree,216,270,241,302,24
Screenshot_20220701-152427_Crossy Road.jpg,291,333,tree,266,265,291,303,24
Screenshot_20220701-152427_Crossy Road.jpg,291,333,duck,173,205,190,230,24
Screenshot_20220701-152456_Crossy Road.jpg,291,333,tree,14,56,33,79,25
Screenshot_20220701-152456_Crossy Road.jpg,291,333,tree,33,63,59,97,25
Screenshot_20220701-152456_Crossy Road.jpg,291,333,tree,39,55,59,78,25
Screenshot_20220701-152456_Crossy Road.jpg,291,333,tree,63,73,86,99,25
Screenshot_20220701-152456_Crossy Road.jpg,291,333,tree,91,74,113,99,25
Screenshot_20220701-152456_Crossy Road.jpg,291,333,log,57,53,140,66,25
Screenshot_20220701-152456_Crossy Road.jpg,291,333,log,60,34,140,47,25
Screenshot_20220701-152456_Crossy Road.jpg,291,333,log,86,15,164,29,25
Screenshot_20220701-152456_Crossy Road.jpg,291,333,log,129,1,197,11,25
Screenshot_20220701-152456_Crossy Road.jpg,291,333,car,78,91,129,123,25
Screenshot_20220701-152456_Crossy Road.jpg,291,333,car,118,111,167,141,25
Screenshot_20220701-152456_Crossy Road.jpg,291,333,tree,42,129,61,156,25
Screenshot_20220701-152456_Crossy Road.jpg,291,333,tree,139,142,164,173,25
Screenshot_20220701-152456_Crossy Road.jpg,291,333,tree,86,217,110,245,25
Screenshot_20220701-152456_Crossy Road.jpg,291,333,tree,126,295,160,331,25
Screenshot_20220701-152456_Crossy Road.jpg,291,333,tree,137,290,162,319,25
Screenshot_20220701-152456_Crossy Road.jpg,291,333,tree,188,308,210,333,25
Screenshot_20220701-152456_Crossy Road.jpg,291,333,rock,196,302,218,323,25
Screenshot_20220701-152456_Crossy Road.jpg,291,333,rock,221,227,246,249,25
Screenshot_20220701-152456_Crossy Road.jpg,291,333,rail,68,178,244,198,25
Screenshot_20220701-152456_Crossy Road.jpg,291,333,car,164,186,215,215,25
Screenshot_20220701-152456_Crossy Road.jpg,291,333,duck,171,242,190,266,25
Screenshot_20220701-152456_Crossy Road.jpg,291,333,light off,148,166,170,188,25
Screenshot_20220701-152456_Crossy Road.jpg,291,333,car,145,277,186,310,25
Screenshot_20220701-152507_Crossy Road.jpg,291,333,tree,17,39,41,72,26
Screenshot_20220701-152507_Crossy Road.jpg,291,333,tree,36,26,67,72,26
Screenshot_20220701-152507_Crossy Road.jpg,291,333,tree,97,45,119,71,26
Screenshot_20220701-152507_Crossy Road.jpg,291,333,tree,1,41,16,69,26
Screenshot_20220701-152507_Crossy Road.jpg,291,333,tree,87,157,118,201,26
Screenshot_20220701-152507_Crossy Road.jpg,291,333,tree,149,175,170,200,26
Screenshot_20220701-152507_Crossy Road.jpg,291,333,tree,224,170,247,200,26
Screenshot_20220701-152507_Crossy Road.jpg,291,333,tree,189,267,222,310,26
Screenshot_20220701-152507_Crossy Road.jpg,291,333,tree,197,262,221,292,26
Screenshot_20220701-152507_Crossy Road.jpg,291,333,tree,224,280,247,311,26
Screenshot_20220701-152507_Crossy Road.jpg,291,333,rock,153,124,176,150,26
Screenshot_20220701-152507_Crossy Road.jpg,291,333,water,87,211,283,279,26
Screenshot_20220701-152507_Crossy Road.jpg,291,333,log,96,209,176,225,26
Screenshot_20220701-152507_Crossy Road.jpg,291,333,log,90,228,137,242,26
Screenshot_20220701-152507_Crossy Road.jpg,291,333,log,97,246,148,261,26
Screenshot_20220701-152507_Crossy Road.jpg,291,333,log,191,228,247,243,26
Screenshot_20220701-152507_Crossy Road.jpg,291,333,log,222,208,271,224,26
Screenshot_20220701-152507_Crossy Road.jpg,291,333,log,228,248,279,260,26
Screenshot_20220701-152507_Crossy Road.jpg,291,333,log,158,269,236,281,26
Screenshot_20220701-152507_Crossy Road.jpg,291,333,duck,158,253,175,277,26
Screenshot_20220701-152507_Crossy Road.jpg,291,333,car,140,306,191,333,26
Screenshot_20220701-152507_Crossy Road.jpg,291,333,truck,119,93,205,134,26
Screenshot_20220701-152507_Crossy Road.jpg,291,333,truck,126,74,202,107,26
Screenshot_20220701-152507_Crossy Road.jpg,291,333,light off,157,64,181,93,26
Screenshot_20220701-152507_Crossy Road.jpg,291,333,rail,11,74,193,97,26
Screenshot_20220701-152507_Crossy Road.jpg,291,333,car,134,9,186,39,26
Screenshot_20220701-152507_Crossy Road.jpg,291,333,truck,203,128,283,170,26
Screenshot_20220701-152507_Crossy Road.jpg,291,333,car,34,157,78,188,26
Screenshot_20220701-152507_Crossy Road.jpg,291,333,car,1,30,35,61,26
Screenshot_20220701-152517_Crossy Road.jpg,291,333,car,59,109,111,141,27
Screenshot_20220701-152517_Crossy Road.jpg,291,333,car,104,91,145,120,27
Screenshot_20220701-152517_Crossy Road.jpg,291,333,car,148,166,199,198,27
Screenshot_20220701-152517_Crossy Road.jpg,291,333,car,97,128,157,157,27
Screenshot_20220701-152517_Crossy Road.jpg,291,333,car,216,203,268,233,27
Screenshot_20220701-152517_Crossy Road.jpg,291,333,car,64,202,110,232,27
Screenshot_20220701-152517_Crossy Road.jpg,291,333,duck,170,241,191,263,27
Screenshot_20220701-152517_Crossy Road.jpg,291,333,truck,167,266,256,306,27
Screenshot_20220701-152517_Crossy Road.jpg,291,333,truck,162,286,245,321,27
Screenshot_20220701-152517_Crossy Road.jpg,291,333,tree,238,300,259,325,27
Screenshot_20220701-152517_Crossy Road.jpg,291,333,tree,216,232,243,265,27
Screenshot_20220701-152517_Crossy Road.jpg,291,333,tree,218,177,242,208,27
Screenshot_20220701-152517_Crossy Road.jpg,291,333,rock,168,191,195,212,27
Screenshot_20220701-152517_Crossy Road.jpg,291,333,light off,121,257,148,294,27
Screenshot_20220701-152517_Crossy Road.jpg,291,333,rail,113,268,290,290,27
Screenshot_20220701-152517_Crossy Road.jpg,291,333,rail,1,45,179,68,27
Screenshot_20220701-152517_Crossy Road.jpg,291,333,light off,123,34,150,69,27
Screenshot_20220701-152517_Crossy Road.jpg,291,333,tree,65,72,85,96,27
Screenshot_20220701-152517_Crossy Road.jpg,291,333,tree,3,40,36,78,27
Screenshot_20220701-152517_Crossy Road.jpg,291,333,tree,61,7,88,43,27
Screenshot_20220701-152517_Crossy Road.jpg,291,333,truck,24,1,95,29,27
Screenshot_20220701-152538_Crossy Road.jpg,291,333,log,114,137,195,152,28
Screenshot_20220701-152538_Crossy Road.jpg,291,333,log,100,155,155,170,28
Screenshot_20220701-152538_Crossy Road.jpg,291,333,log,117,174,172,188,28
Screenshot_20220701-152538_Crossy Road.jpg,291,333,log,80,212,148,224,28
Screenshot_20220701-152538_Crossy Road.jpg,291,333,log,187,211,262,226,28
Screenshot_20220701-152538_Crossy Road.jpg,291,333,log,15,137,64,151,28
Screenshot_20220701-152538_Crossy Road.jpg,291,333,tree,78,208,110,237,28
Screenshot_20220701-152538_Crossy Road.jpg,291,333,tree,58,35,86,75,28
Screenshot_20220701-152538_Crossy Road.jpg,291,333,tree,39,46,59,72,28
Screenshot_20220701-152538_Crossy Road.jpg,291,333,tree,3,28,35,69,28
Screenshot_20220701-152538_Crossy Road.jpg,291,333,rock,145,52,168,74,28
Screenshot_20220701-152538_Crossy Road.jpg,291,333,coin,154,46,171,57,28
Screenshot_20220701-152538_Crossy Road.jpg,291,333,car,4,66,62,95,28
Screenshot_20220701-152538_Crossy Road.jpg,291,333,car,162,84,225,116,28
Screenshot_20220701-152538_Crossy Road.jpg,291,333,car,206,252,264,280,28
Screenshot_20220701-152538_Crossy Road.jpg,291,333,car,214,271,264,300,28
Screenshot_20220701-152538_Crossy Road.jpg,291,333,tree,263,275,290,307,28
Screenshot_20220701-152538_Crossy Road.jpg,291,333,rock,192,219,222,242,28
Screenshot_20220701-152538_Crossy Road.jpg,291,333,rock,222,294,244,316,28
Screenshot_20220701-152538_Crossy Road.jpg,291,333,car,141,308,201,333,28
Screenshot_20220701-152538_Crossy Road.jpg,291,333,duck,170,236,191,261,28
Screenshot_20220701-152538_Crossy Road.jpg,291,333,lilypad,177,196,195,208,28
Screenshot_20220701-152538_Crossy Road.jpg,291,333,lilypad,123,195,144,208,28
Screenshot_20220701-152538_Crossy Road.jpg,291,333,lilypad,179,120,198,135,28
Screenshot_20220701-152538_Crossy Road.jpg,291,333,water,38,118,257,224,28
Screenshot_20220701-152538_Crossy Road.jpg,291,333,car,38,29,89,58,28
Screenshot_20220701-152538_Crossy Road.jpg,291,333,car,66,238,112,265,28
Screenshot_20220701-152549_Crossy Road.jpg,291,333,rail,35,110,217,137,29
Screenshot_20220701-152549_Crossy Road.jpg,291,333,car,126,138,168,168,29
Screenshot_20220701-152549_Crossy Road.jpg,291,333,car,31,120,97,151,29
Screenshot_20220701-152549_Crossy Road.jpg,291,333,car,130,83,182,114,29
Screenshot_20220701-152549_Crossy Road.jpg,291,333,car,53,46,111,77,29
Screenshot_20220701-152549_Crossy Road.jpg,291,333,truck,1,22,81,60,29
Screenshot_20220701-152549_Crossy Road.jpg,291,333,rock,197,161,220,185,29
Screenshot_20220701-152549_Crossy Road.jpg,291,333,rock,144,255,168,277,29
Screenshot_20220701-152549_Crossy Road.jpg,291,333,log,155,209,235,223,29
Screenshot_20220701-152549_Crossy Road.jpg,291,333,log,142,228,225,243,29
Screenshot_20220701-152549_Crossy Road.jpg,291,333,log,82,210,130,224,29
Screenshot_20220701-152549_Crossy Road.jpg,291,333,log,62,190,127,206,29
Screenshot_20220701-152549_Crossy Road.jpg,291,333,log,223,189,266,205,29
Screenshot_20220701-152549_Crossy Road.jpg,291,333,water,73,192,276,261,29
Screenshot_20220701-152549_Crossy Road.jpg,291,333,duck,171,235,191,258,29
Screenshot_20220701-152549_Crossy Road.jpg,291,333,lilypad,177,249,195,264,29
Screenshot_20220701-152549_Crossy Road.jpg,291,333,car,192,120,248,152,29
Screenshot_20220701-152549_Crossy Road.jpg,291,333,tree,1,44,36,88,29
Screenshot_20220701-152549_Crossy Road.jpg,291,333,light off,150,102,176,137,29
Screenshot_20220701-152549_Crossy Road.jpg,291,333,rail,32,111,224,137,29
Screenshot_20220701-152549_Crossy Road.jpg,291,333,tree,186,310,213,333,29
Screenshot_20220701-152602_Crossy Road.jpg,291,333,car,35,61,89,92,30
Screenshot_20220701-152602_Crossy Road.jpg,291,333,car,85,79,136,110,30
Screenshot_20220701-152602_Crossy Road.jpg,291,333,car,108,155,162,185,30
Screenshot_20220701-152602_Crossy Road.jpg,291,333,tree,90,172,112,197,30
Screenshot_20220701-152602_Crossy Road.jpg,291,333,tree,113,221,136,252,30
Screenshot_20220701-152602_Crossy Road.jpg,291,333,tree,138,241,162,272,30
Screenshot_20220701-152602_Crossy Road.jpg,291,333,tree,142,229,164,253,30
Screenshot_20220701-152602_Crossy Road.jpg,291,333,tree,216,185,244,215,30
Screenshot_20220701-152602_Crossy Road.jpg,291,333,rock,222,233,245,254,30
Screenshot_20220701-152602_Crossy Road.jpg,291,333,coin,177,206,193,217,30
Screenshot_20220701-152602_Crossy Road.jpg,291,333,duck,171,230,190,251,30
Screenshot_20220701-152602_Crossy Road.jpg,291,333,truck,86,275,161,315,30
Screenshot_20220701-152602_Crossy Road.jpg,291,333,car,99,266,157,293,30
Screenshot_20220701-152602_Crossy Road.jpg,291,333,truck,145,311,229,333,30
Screenshot_20220701-152602_Crossy Road.jpg,291,333,rock,113,213,141,236,30
Screenshot_20220701-152602_Crossy Road.jpg,291,333,light off,150,96,173,132,30
Screenshot_20220701-152602_Crossy Road.jpg,291,333,rail,31,105,215,130,30
Screenshot_20220701-152602_Crossy Road.jpg,291,333,rock,145,46,171,70,30
Screenshot_20220701-152602_Crossy Road.jpg,291,333,tree,91,43,113,68,30
Screenshot_20220701-152602_Crossy Road.jpg,291,333,tree,115,19,139,50,30
Screenshot_20220701-152602_Crossy Road.jpg,291,333,tree,28,26,61,66,30
Screenshot_20220701-152602_Crossy Road.jpg,291,333,tree,9,36,33,66,30
Screenshot_20220701-152602_Crossy Road.jpg,291,333,tree,42,24,61,47,30
Screenshot_20220701-152602_Crossy Road.jpg,291,333,tree,14,27,32,50,30
Screenshot_20220701-152602_Crossy Road.jpg,291,333,car,24,139,65,166,30
Screenshot_20220701-152607_Crossy Road.jpg,291,333,tree,117,79,139,104,31
Screenshot_20220701-152607_Crossy Road.jpg,291,333,tree,112,128,136,159,31
Screenshot_20220701-152607_Crossy Road.jpg,291,333,tree,26,95,60,143,31
Screenshot_20220701-152607_Crossy Road.jpg,291,333,tree,6,59,35,101,31
Screenshot_20220701-152607_Crossy Road.jpg,291,333,tree,37,134,60,163,31
Screenshot_20220701-152607_Crossy Road.jpg,291,333,tree,89,153,113,178,31
Screenshot_20220701-152607_Crossy Road.jpg,291,333,tree,77,207,111,251,31
Screenshot_20220701-152607_Crossy Road.jpg,291,333,tree,244,227,270,252,31
Screenshot_20220701-152607_Crossy Road.jpg,291,333,tree,215,296,239,321,31
Screenshot_20220701-152607_Crossy Road.jpg,291,333,tree,242,294,262,319,31
Screenshot_20220701-152607_Crossy Road.jpg,291,333,rail,86,219,269,240,31
Screenshot_20220701-152607_Crossy Road.jpg,291,333,light off,148,208,171,241,31
Screenshot_20220701-152607_Crossy Road.jpg,291,333,duck,166,228,191,253,31
Screenshot_20220701-152607_Crossy Road.jpg,291,333,car,66,172,126,203,31
Screenshot_20220701-152607_Crossy Road.jpg,291,333,car,21,41,81,74,31
Screenshot_20220701-152607_Crossy Road.jpg,291,333,car,90,23,146,54,31
Screenshot_20220701-152607_Crossy Road.jpg,291,333,car,170,59,228,89,31
Screenshot_20220701-152607_Crossy Road.jpg,291,333,tree,64,1,86,32,31
Screenshot_20220701-152607_Crossy Road.jpg,291,333,rock,142,157,167,181,31
Screenshot_20220701-152607_Crossy Road.jpg,291,333,rock,223,155,248,182,31
Screenshot_20220701-152607_Crossy Road.jpg,291,333,car,188,266,240,296,31
Screenshot_20220701-152611_Crossy Road.jpg,291,333,tree,60,90,88,123,32
Screenshot_20220701-152611_Crossy Road.jpg,291,333,tree,39,15,61,49,32
Screenshot_20220701-152611_Crossy Road.jpg,291,333,tree,14,17,36,45,32
Screenshot_20220701-152611_Crossy Road.jpg,291,333,tree,115,170,136,197,32
Screenshot_20220701-152611_Crossy Road.jpg,291,333,tree,112,220,139,252,32
Screenshot_20220701-152611_Crossy Road.jpg,291,333,tree,219,227,240,252,32
Screenshot_20220701-152611_Crossy Road.jpg,291,333,tree,237,213,265,247,32
Screenshot_20220701-152611_Crossy Road.jpg,291,333,tree,243,239,268,270,32
Screenshot_20220701-152611_Crossy Road.jpg,291,333,car,127,60,166,90,32
Screenshot_20220701-152611_Crossy Road.jpg,291,333,car,183,77,232,107,32
Screenshot_20220701-152611_Crossy Road.jpg,291,333,car,19,41,59,70,32
Screenshot_20220701-152611_Crossy Road.jpg,291,333,car,43,115,100,148,32
Screenshot_20220701-152611_Crossy Road.jpg,291,333,car,165,135,229,166,32
Screenshot_20220701-152611_Crossy Road.jpg,291,333,car,189,152,246,182,32
Screenshot_20220701-152611_Crossy Road.jpg,291,333,car,34,153,84,182,32
Screenshot_20220701-152611_Crossy Road.jpg,291,333,car,22,135,64,159,32
Screenshot_20220701-152611_Crossy Road.jpg,291,333,car,170,228,190,252,32
Screenshot_20220701-152611_Crossy Road.jpg,291,333,rock,144,251,167,275,32
Screenshot_20220701-152611_Crossy Road.jpg,291,333,rock,223,251,246,272,32
Screenshot_20220701-152611_Crossy Road.jpg,291,333,car,156,265,208,297,32
Screenshot_20220701-152611_Crossy Road.jpg,291,333,car,194,283,244,314,32
Screenshot_20220701-152611_Crossy Road.jpg,291,333,car,203,116,244,143,32
Screenshot_20220701-152611_Crossy Road.jpg,291,333,truck,131,1,205,35,32
Screenshot_20220701-152611_Crossy Road.jpg,291,333,light off,146,298,171,333,32
Screenshot_20220701-152611_Crossy Road.jpg,291,333,rail,135,310,230,332,32
Screenshot_20220701-152643_Crossy Road.jpg,291,333,car,73,132,126,164,33
Screenshot_20220701-152643_Crossy Road.jpg,291,333,car,98,114,149,146,33
Screenshot_20220701-152643_Crossy Road.jpg,291,333,car,21,77,63,106,33
Screenshot_20220701-152643_Crossy Road.jpg,291,333,car,125,188,179,221,33
Screenshot_20220701-152643_Crossy Road.jpg,291,333,duck,172,226,190,251,33
Screenshot_20220701-152643_Crossy Road.jpg,291,333,rock,117,230,144,252,33
Screenshot_20220701-152643_Crossy Road.jpg,291,333,rock,195,270,219,291,33
Screenshot_20220701-152643_Crossy Road.jpg,291,333,tree,218,169,244,195,33
Screenshot_20220701-152643_Crossy Road.jpg,291,333,tree,114,257,136,286,33
Screenshot_20220701-152643_Crossy Road.jpg,291,333,tree,114,243,137,269,33
Screenshot_20220701-152643_Crossy Road.jpg,291,333,tree,84,212,110,251,33
Screenshot_20220701-152643_Crossy Road.jpg,291,333,tree,242,237,269,268,33
Screenshot_20220701-152643_Crossy Road.jpg,291,333,tree,244,260,268,288,33
Screenshot_20220701-152643_Crossy Road.jpg,291,333,tree,115,95,138,118,33
Screenshot_20220701-152643_Crossy Road.jpg,291,333,tree,57,20,86,64,33
Screenshot_20220701-152643_Crossy Road.jpg,291,333,tree,6,27,36,64,33
Screenshot_20220701-152643_Crossy Road.jpg,291,333,tree,38,21,62,46,33
Screenshot_20220701-152643_Crossy Road.jpg,291,333,tree,63,17,87,43,33
Screenshot_20220701-152643_Crossy Road.jpg,291,333,tree,15,19,36,46,33
Screenshot_20220701-152643_Crossy Road.jpg,291,333,tree,30,83,60,120,33
